{"cameraMode":{"drawMode":0,"name":"Shaded","section":"Shading Mode"},"sceneLighting":true,"audioPlay":false,"sceneViewState":{"m_AlwaysRefresh":false,"showFog":true,"showSkybox":true,"showFlares":true,"showImageEffects":true,"showParticleSystems":true,"showVisualEffectGraphs":true,"m_FxEnabled":true},"in2DMode":false,"pivot":{"x":12.077701568603516,"y":18.461517333984376,"z":12.320106506347657},"rotation":{"x":-0.026862813159823419,"y":-0.0031287088058888914,"z":0.000019555052858777344,"w":-0.9997817277908325},"size":0.8660253882408142,"orthographic":false}