{"cameraMode":{"drawMode":0,"name":"Shaded","section":"Shading Mode"},"sceneLighting":true,"audioPlay":false,"sceneViewState":{"m_AlwaysRefresh":false,"showFog":true,"showSkybox":true,"showFlares":true,"showImageEffects":true,"showParticleSystems":true,"showVisualEffectGraphs":true,"m_FxEnabled":true},"in2DMode":false,"pivot":{"x":8.103601455688477,"y":7.786036014556885,"z":-10.927019119262696},"rotation":{"x":-0.06879647076129914,"y":-0.021378571167588235,"z":0.0014774637529626489,"w":-0.9974719285964966},"size":1.0053108930587769,"orthographic":false}